ctt,throughput,response_time
200,3.563976620458168,72.9598333000494
400,5.1784273094108775,79.60644423618038
600,4.934194252156356,113.7116709610877
800,13.541047281167918,98.2481299347512
1000,16.863955812572243,140.24781949758665
1200,20.164696042279026,362.5590336548537
1400,22.50255556562776,1901.1026353424513
1600,18.352861686819796,3285.0860335144303
