ctt,r,b,swpd,free,buff,cache,si,so,bi,bo,in,cs,us,sy,id,wa,st,gu
200,0.3333333333333333,0.0,0.0,421157.31111111114,8671.422222222222,39908.51111111111,0.0,0.0,11.555555555555555,3.711111111111111,998.3111111111111,166.73333333333335,0.0,13.111111111111112,86.82222222222224,0.0,0.0,0.0
400,0.561111111111111,0.0,0.0,423626.2222222222,6396.200000000001,39996.97777777778,0.0,0.0,55.02222222222222,4.711111111111111,1191.9888888888888,263.6222222222222,0.011111111111111112,25.494444444444444,74.29444444444444,0.022222222222222223,0.0,0.0
600,1.0333333333333334,0.0,0.0,420062.55555555556,9334.066666666666,40229.86666666667,0.0,0.0,44.5611111111111,4.911111111111111,1193.8833333333332,345.15000000000003,0.011111111111111112,42.00555555555556,57.78888888888889,0.022222222222222223,0.0,0.0
800,1.3222222222222222,0.011111111111111112,0.0,422324.31111111114,6404.377777777779,40379.42222222222,0.0,0.0,57.22777777777779,5.3500000000000005,1639.788888888889,419.14444444444445,0.011111111111111112,45.93333333333334,53.78888888888889,0.022222222222222223,0.0,0.0
1000,1.6388888888888886,0.0,0.0,421242.22222222225,6418.733333333333,40549.666666666664,0.0,0.0,55.13333333333335,6.111111111111111,1739.1944444444446,478.82222222222225,0.011111111111111112,53.58888888888888,46.11111111111111,0.016666666666666666,0.0,0.0
1200,1.5,0.005555555555555556,0.0,418862.15555555554,6500.777777777777,40752.73333333333,0.0,0.0,6.122222222222224,6.216666666666666,1550.55,551.4111111111112,0.0,57.88333333333333,41.83888888888889,0.0,0.0,0.0
1400,3.1888888888888887,0.005555555555555556,0.0,412802.22222222225,6417.577777777778,40896.822222222225,0.0,0.0,57.099999999999994,6.8999999999999995,1543.7,806.5277777777777,0.011111111111111112,64.68333333333334,34.97222222222222,0.016666666666666666,0.0,0.0
1600,4.472222222222222,0.005555555555555556,0.0,410907.2,6420.9111111111115,40649.35555555556,0.0,0.0,57.18888888888889,6.511111111111112,1352.2722222222221,788.3333333333334,0.016666666666666666,62.044444444444444,37.51111111111111,0.027777777777777776,0.0,0.0
